{"data":{"count":2,"farmers":[{"addresses":["/ip4/127.0.0.1/tcp/57918/p2p/12D3KooWPXNXvWmKtNK2TZpwzb3w7Y9cQvUySgirwAXFnZX8x33k","/ip4/192.168.100.6/tcp/57918/p2p/12D3KooWPXNXvWmKtNK2TZpwzb3w7Y9cQvUySgirwAXFnZX8x33k"],"is_active":true,"last_seen":"2025-11-20T00:19:03+03:00","peer_id":"12D3KooWPXNXvWmKtNK2TZpwzb3w7Y9cQvUySgirwAXFnZX8x33k","reliability":1,"storage_capacity":10737418240,"used_storage":0},{"addresses":["/ip4/127.0.0.1/tcp/57925/p2p/12D3KooWJAnfQ5pyAVcyLckSF6nK7h5G4GRRwwk5YCUL24vqivYD","/ip4/192.168.100.6/tcp/57925/p2p/12D3KooWJAnfQ5pyAVcyLckSF6nK7h5G4GRRwwk5YCUL24vqivYD"],"is_active":true,"last_seen":"2025-11-20T00:19:33+03:00","peer_id":"12D3KooWJAnfQ5pyAVcyLckSF6nK7h5G4GRRwwk5YCUL24vqivYD","reliability":1,"storage_capacity":10737418240,"used_storage":0}]},"status":200}